;Datetime;Tweet Id;Text;Source;Likes;RT;cleanText;tokens;final_tokens;step02
0;2022-10-04 03:23:28;1.577137299858391e+18;RT @dialoglukaku: Buat temen-temen boleh bantu retweet ini untuk kronologi jelasnya. Semalem temenku bener-bener ada di lokasi kejadian danâ€¦;Twitter for Android;0.0;2302.0;dialoglukaku buat temen temen boleh bantu retweet ini untuk kronologi jelasnya semalem temenku bener bener ada di lokasi kejadian dan;['dialoglukaku', 'buat', 'temen', 'temen', 'boleh', 'bantu', 'retweet', 'ini', 'untuk', 'kronologi', 'jelasnya', 'semalem', 'temenku', 'bener', 'bener', 'ada', 'di', 'lokasi', 'kejadian', 'dan'];['dialoglukaku', 'buat', 'temen', 'temen', 'boleh', 'bantu', 'retweet', 'ini', 'untuk', 'kronologi', 'jelasnya', 'semalem', 'temenku', 'bener', 'bener', 'ada', 'di', 'lokasi', 'kejadian', 'dan'];dialoglukaku buat temen temen boleh bantu retweet ini untuk kronologi jelasnya semalem temenku bener bener ada di lokasi kejadian dan
1;2022-10-04 03:23:26;1.5771372907358618e+18;"RT @NarasiNewsroom: Mon maap, syp yg bahagia y pack klo bleh tw???

Ente kadang-kadang ente ğŸ˜’ğŸ˜’ğŸ˜’

#PrayForKanjuruhan | Narasi Daily https://â€¦";Twitter for Android;0.0;5696.0;narasinewsroom mon maap syp yg bahagia pack klo bleh tw ente kadang kadang ente narasi daily;['narasinewsroom', 'mon', 'maap', 'syp', 'yg', 'bahagia', 'pack', 'klo', 'bleh', 'tw', 'ente', 'kadang', 'kadang', 'ente', 'narasi', 'daily'];['narasinewsroom', 'mon', 'maap', 'syp', 'yg', 'bahagia', 'pack', 'klo', 'bleh', 'tw', 'ente', 'kadang', 'kadang', 'ente', 'narasi', 'daily'];narasinewsroom mon maap syp yg bahagia pack klo bleh tw ente kadang kadang ente narasi daily
2;2022-10-04 03:23:26;1.5771372883953582e+18;"RT @GOAL_ID: ğ—¥ğ—²ğ˜€ğ—½ğ—²ğ—°ğ˜ @realmadriden @osasuna_en ğŸ‡®ğŸ‡©ğŸ‡ªğŸ‡¸

#PrayForKanjuruhan #KanjuruhanDisaster https://t.co/e8H6aHQLK9";Twitter for Android;0.0;47.0;goal_id realmadriden osasuna_en coehahqlk;['goal_id', 'realmadriden', 'osasuna_en', 'coehahqlk'];['goal_id', 'realmadriden', 'osasuna_en', 'coehahqlk'];goal_id realmadriden osasuna_en coehahqlk
3;2022-10-04 03:23:25;1.5771372877410468e+18;"RT @sulaimaneffendi: Dari Surabaya untuk Malang
Apa yang dirasakan Aremania juga dirasakan Bonek !

Semoga menjadi awal kebaikan buat semuaâ€¦";Twitter for iPhone;0.0;244.0;sulaimaneffendi dari surabaya untuk malang apa yang dirasakan aremania juga dirasakan bonek semoga menjadi awal kebaikan buat semua;['sulaimaneffendi', 'dari', 'surabaya', 'untuk', 'malang', 'apa', 'yang', 'dirasakan', 'aremania', 'juga', 'dirasakan', 'bonek', 'semoga', 'menjadi', 'awal', 'kebaikan', 'buat', 'semua'];['sulaimaneffendi', 'dari', 'surabaya', 'untuk', 'malang', 'apa', 'yang', 'dirasakan', 'aremania', 'juga', 'dirasakan', 'bonek', 'semoga', 'menjadi', 'awal', 'kebaikan', 'buat', 'semua'];sulaimaneffendi dari surabaya untuk malang apa yang dirasakan aremania juga dirasakan bonek semoga menjadi awal kebaikan buat semua
4;2022-10-04 03:23:25;1.5771372863486116e+18;"RT @GOAL_ID: ğ—¥ğ—²ğ˜€ğ—½ğ—²ğ—°ğ˜ @realmadriden @osasuna_en ğŸ‡®ğŸ‡©ğŸ‡ªğŸ‡¸

#PrayForKanjuruhan #KanjuruhanDisaster https://t.co/e8H6aHQLK9";Twitter for Android;0.0;47.0;goal_id realmadriden osasuna_en coehahqlk;['goal_id', 'realmadriden', 'osasuna_en', 'coehahqlk'];['goal_id', 'realmadriden', 'osasuna_en', 'coehahqlk'];goal_id realmadriden osasuna_en coehahqlk
5;2022-10-04 03:23:24;1.5771372803720602e+18;RT @CoachJustinL: Ga ada gunanya cari kesalahan ini itu, lebih baik cr solusi agar tidak akan terulang lagi, never and never again. Don't lâ€¦;Twitter for Android;0.0;170.0;coachjustinl ga ada gunanya cari kesalahan ini itu lebih baik cr solusi agar tidak akan terulang lagi never and never again don;['coachjustinl', 'ga', 'ada', 'gunanya', 'cari', 'kesalahan', 'ini', 'itu', 'lebih', 'baik', 'cr', 'solusi', 'agar', 'tidak', 'akan', 'terulang', 'lagi', 'never', 'and', 'never', 'again', 'don'];['coachjustinl', 'ga', 'ada', 'gunanya', 'cari', 'kesalahan', 'ini', 'itu', 'lebih', 'baik', 'cr', 'solusi', 'agar', 'tidak', 'akan', 'terulang', 'lagi', 'never', 'and', 'never', 'again', 'don'];coachjustinl ga ada gunanya cari kesalahan ini itu lebih baik cr solusi agar tidak akan terulang lagi never and never again don
6;2022-10-04 03:23:23;1.5771372796083323e+18;"Rest In PeaceğŸ¥€ğŸ—ï¸Kejadian Kelam sejarah sepak bola
1 Oktober 2022
#malangdisaster
#PrayForKanjuruhan";Twitter for Android;0.0;0.0;rest in peace kejadian kelam sejarah sepak bola   oktober  ;['rest', 'in', 'peace', 'kejadian', 'kelam', 'sejarah', 'sepak', 'bola', 'oktober'];['rest', 'in', 'peace', 'kejadian', 'kelam', 'sejarah', 'sepak', 'bola', 'oktober'];rest in peace kejadian kelam sejarah sepak bola oktober
7;2022-10-04 03:23:23;1.577137278459478e+18;"RT @psisfcofficial: ""Kami Arema, Salam Satu Jiwa"" ğŸŒŸ

Cuplikan video kami dari Semarang malam lalu untuk mengirim doa dan semangat bagi duluâ€¦";Twitter for Android;0.0;1290.0;psisfcofficial kami arema salam satu jiwa cuplikan video kami dari semarang malam lalu untuk mengirim doa dan semangat bagi dulu;['psisfcofficial', 'kami', 'arema', 'salam', 'satu', 'jiwa', 'cuplikan', 'video', 'kami', 'dari', 'semarang', 'malam', 'lalu', 'untuk', 'mengirim', 'doa', 'dan', 'semangat', 'bagi', 'dulu'];['psisfcofficial', 'kami', 'arema', 'salam', 'satu', 'jiwa', 'cuplikan', 'video', 'kami', 'dari', 'semarang', 'malam', 'lalu', 'untuk', 'mengirim', 'doa', 'dan', 'semangat', 'bagi', 'dulu'];psisfcofficial kami arema salam satu jiwa cuplikan video kami dari semarang malam lalu untuk mengirim doa dan semangat bagi dulu
8;2022-10-04 03:23:21;1.5771372698859151e+18;"RT @Amar_0599: Sekolah hukum 4 tahun aja kadang belum tentu paham hukum, kok bisa pendidikan berapa bulan aja dah jadi penegak hukum. 
Akibâ€¦";Twitter for Android;0.0;826.0;amar_ sekolah hukum   tahun aja kadang belum tentu paham hukum kok bisa pendidikan berapa bulan aja dah jadi penegak hukum akib;['amar_', 'sekolah', 'hukum', 'tahun', 'aja', 'kadang', 'belum', 'tentu', 'paham', 'hukum', 'kok', 'bisa', 'pendidikan', 'berapa', 'bulan', 'aja', 'dah', 'jadi', 'penegak', 'hukum', 'akib'];['amar_', 'sekolah', 'hukum', 'tahun', 'aja', 'kadang', 'belum', 'tentu', 'paham', 'hukum', 'kok', 'bisa', 'pendidikan', 'berapa', 'bulan', 'aja', 'dah', 'jadi', 'penegak', 'hukum', 'akib'];amar_ sekolah hukum tahun aja kadang belum tentu paham hukum kok bisa pendidikan berapa bulan aja dah jadi penegak hukum akib
9;2022-10-04 03:23:19;1.5771372631331758e+18;RT @IbnoeAhmad4: Tragedi Kanjuruhan yg dilakukan oleh TNI-AD baret hijau,,...akhirnya harus meregang nyawa,tanpa ada belas kasihan dari sanâ€¦;Twitter for Android;0.0;9319.0;ibnoeahmad tragedi kanjuruhan yg dilakukan oleh tni ad baret hijau akhirnya harus meregang nyawa tanpa ada belas kasihan dari san;['ibnoeahmad', 'tragedi', 'kanjuruhan', 'yg', 'dilakukan', 'oleh', 'tni', 'ad', 'baret', 'hijau', 'akhirnya', 'harus', 'meregang', 'nyawa', 'tanpa', 'ada', 'belas', 'kasihan', 'dari', 'san'];['ibnoeahmad', 'tragedi', 'kanjuruhan', 'yg', 'dilakukan', 'oleh', 'tni', 'ad', 'baret', 'hijau', 'akhirnya', 'harus', 'meregang', 'nyawa', 'tanpa', 'ada', 'belas', 'kasihan', 'dari', 'san'];ibnoeahmad tragedi kanjuruhan yg dilakukan oleh tni ad baret hijau akhirnya harus meregang nyawa tanpa ada belas kasihan dari san
10;2022-10-04 03:23:15;1.5771372454880502e+18;"RT @BTS_AHC_IDN: Mari sejenak kita panjatkan doa untuk korban dan pihak yang terdampak.

#PrayForKanjuruhan #DukaUntukKanjuruhan 

Hai ARMYâ€¦";Twitter for iPhone;0.0;3434.0;bts_ahc_idn mari sejenak kita panjatkan doa untuk korban dan pihak yang terdampak hai army;['bts_ahc_idn', 'mari', 'sejenak', 'kita', 'panjatkan', 'doa', 'untuk', 'korban', 'dan', 'pihak', 'yang', 'terdampak', 'hai', 'army'];['bts_ahc_idn', 'mari', 'sejenak', 'kita', 'panjatkan', 'doa', 'untuk', 'korban', 'dan', 'pihak', 'yang', 'terdampak', 'hai', 'army'];bts_ahc_idn mari sejenak kita panjatkan doa untuk korban dan pihak yang terdampak hai army
11;2022-10-04 03:23:15;1.5771372432650527e+18;"RT @sulaimaneffendi: Dari Surabaya untuk Malang
Apa yang dirasakan Aremania juga dirasakan Bonek !

Semoga menjadi awal kebaikan buat semuaâ€¦";Twitter for Android;0.0;244.0;sulaimaneffendi dari surabaya untuk malang apa yang dirasakan aremania juga dirasakan bonek semoga menjadi awal kebaikan buat semua;['sulaimaneffendi', 'dari', 'surabaya', 'untuk', 'malang', 'apa', 'yang', 'dirasakan', 'aremania', 'juga', 'dirasakan', 'bonek', 'semoga', 'menjadi', 'awal', 'kebaikan', 'buat', 'semua'];['sulaimaneffendi', 'dari', 'surabaya', 'untuk', 'malang', 'apa', 'yang', 'dirasakan', 'aremania', 'juga', 'dirasakan', 'bonek', 'semoga', 'menjadi', 'awal', 'kebaikan', 'buat', 'semua'];sulaimaneffendi dari surabaya untuk malang apa yang dirasakan aremania juga dirasakan bonek semoga menjadi awal kebaikan buat semua
12;2022-10-04 03:23:13;1.5771372361431163e+18;"RT @BTS_AHC_IDN: Mari sejenak kita panjatkan doa untuk korban dan pihak yang terdampak.

#PrayForKanjuruhan #DukaUntukKanjuruhan 

Hai ARMYâ€¦";Twitter for Android;0.0;3434.0;bts_ahc_idn mari sejenak kita panjatkan doa untuk korban dan pihak yang terdampak hai army;['bts_ahc_idn', 'mari', 'sejenak', 'kita', 'panjatkan', 'doa', 'untuk', 'korban', 'dan', 'pihak', 'yang', 'terdampak', 'hai', 'army'];['bts_ahc_idn', 'mari', 'sejenak', 'kita', 'panjatkan', 'doa', 'untuk', 'korban', 'dan', 'pihak', 'yang', 'terdampak', 'hai', 'army'];bts_ahc_idn mari sejenak kita panjatkan doa untuk korban dan pihak yang terdampak hai army
13;2022-10-04 03:23:11;1.577137226072277e+18;"RT @abahgembos87: KALIAN SEMUA PEMBUNUH 
#KanjuruhanDisaster #PrayForKanjuruhan #aremania https://t.co/z4Xgu5kdCL";Twitter for iPhone;0.0;3903.0;abahgembos kalian semua pembunuh coz;['abahgembos', 'kalian', 'semua', 'pembunuh', 'coz'];['abahgembos', 'kalian', 'semua', 'pembunuh', 'coz'];abahgembos kalian semua pembunuh coz
14;2022-10-04 03:23:11;1.5771372260096983e+18;"RT @psisfcofficial: ""Kami Arema, Salam Satu Jiwa"" ğŸŒŸ

Cuplikan video kami dari Semarang malam lalu untuk mengirim doa dan semangat bagi duluâ€¦";Twitter for Android;0.0;1290.0;psisfcofficial kami arema salam satu jiwa cuplikan video kami dari semarang malam lalu untuk mengirim doa dan semangat bagi dulu;['psisfcofficial', 'kami', 'arema', 'salam', 'satu', 'jiwa', 'cuplikan', 'video', 'kami', 'dari', 'semarang', 'malam', 'lalu', 'untuk', 'mengirim', 'doa', 'dan', 'semangat', 'bagi', 'dulu'];['psisfcofficial', 'kami', 'arema', 'salam', 'satu', 'jiwa', 'cuplikan', 'video', 'kami', 'dari', 'semarang', 'malam', 'lalu', 'untuk', 'mengirim', 'doa', 'dan', 'semangat', 'bagi', 'dulu'];psisfcofficial kami arema salam satu jiwa cuplikan video kami dari semarang malam lalu untuk mengirim doa dan semangat bagi dulu
15;2022-10-04 03:23:09;1.5771372210226831e+18;"#programbunuhpribumiradikal
#UsutTuntas 230 tewas.
Gas Air Mata Cakrabirawa #G01OPKI Pembantaian Aremaniaâ€¦ https://t.co/BwboeJFGFs";Twitter for Android;0.0;0.0;  tewas gas air mata cakrabirawa pembantaian aremania cobwboejfgfs;['tewas', 'gas', 'air', 'mata', 'cakrabirawa', 'pembantaian', 'aremania', 'cobwboejfgfs'];['tewas', 'gas', 'air', 'mata', 'cakrabirawa', 'pembantaian', 'aremania', 'cobwboejfgfs'];tewas gas air mata cakrabirawa pembantaian aremania cobwboejfgfs
16;2022-10-04 03:23:05;1.5771372043164221e+18;RT @ringkassan: from bandung with love @AremafcOfficial #PrayForKanjuruhan ğŸ¥€ https://t.co/nIs6i5ZQsv;Twitter for Android;0.0;30.0;ringkassan from bandung with love aremafcofficial conisizqsv;['ringkassan', 'from', 'bandung', 'with', 'love', 'aremafcofficial', 'conisizqsv'];['ringkassan', 'from', 'bandung', 'with', 'love', 'aremafcofficial', 'conisizqsv'];ringkassan from bandung with love aremafcofficial conisizqsv
17;2022-10-04 03:23:05;1.5771372025632072e+18;RT @IbnoeAhmad4: Tragedi Kanjuruhan yg dilakukan oleh TNI-AD baret hijau,,...akhirnya harus meregang nyawa,tanpa ada belas kasihan dari sanâ€¦;Twitter for Android;0.0;9319.0;ibnoeahmad tragedi kanjuruhan yg dilakukan oleh tni ad baret hijau akhirnya harus meregang nyawa tanpa ada belas kasihan dari san;['ibnoeahmad', 'tragedi', 'kanjuruhan', 'yg', 'dilakukan', 'oleh', 'tni', 'ad', 'baret', 'hijau', 'akhirnya', 'harus', 'meregang', 'nyawa', 'tanpa', 'ada', 'belas', 'kasihan', 'dari', 'san'];['ibnoeahmad', 'tragedi', 'kanjuruhan', 'yg', 'dilakukan', 'oleh', 'tni', 'ad', 'baret', 'hijau', 'akhirnya', 'harus', 'meregang', 'nyawa', 'tanpa', 'ada', 'belas', 'kasihan', 'dari', 'san'];ibnoeahmad tragedi kanjuruhan yg dilakukan oleh tni ad baret hijau akhirnya harus meregang nyawa tanpa ada belas kasihan dari san
18;2022-10-04 03:23:05;1.5771372024376852e+18;"RT @choymarkochoy: @OngisnadeNet @cokro_tv Ini yg kami khawatirkan, 
Mereka kan membuat framing bahwa suporter berbahaya

Omongan ade armanâ€¦";Twitter for Android;0.0;6.0;choymarkochoy ongisnadenet cokro_tv ini yg kami khawatirkan mereka kan membuat framing bahwa suporter berbahaya omongan ade arman;['choymarkochoy', 'ongisnadenet', 'cokro_tv', 'ini', 'yg', 'kami', 'khawatirkan', 'mereka', 'kan', 'membuat', 'framing', 'bahwa', 'suporter', 'berbahaya', 'omongan', 'ade', 'arman'];['choymarkochoy', 'ongisnadenet', 'cokro_tv', 'ini', 'yg', 'kami', 'khawatirkan', 'mereka', 'kan', 'membuat', 'framing', 'bahwa', 'suporter', 'berbahaya', 'omongan', 'ade', 'arman'];choymarkochoy ongisnadenet cokro_tv ini yg kami khawatirkan mereka kan membuat framing bahwa suporter berbahaya omongan ade arman
19;2022-10-04 03:23:01;1.5771371843140977e+18;"RT @bangSaid_: PrayForKanjuruhan
Dunia bergandengan tangan katakan itu Bencana yg mengerikan, 

Mereka Polisi-2 itu menunjukkan gelagat Cucâ€¦";Twitter for Android;0.0;141.0;bangsaid_ prayforkanjuruhan dunia bergandengan tangan katakan itu bencana yg mengerikan mereka polisi   itu menunjukkan gelagat cuc;['bangsaid_', 'prayforkanjuruhan', 'dunia', 'bergandengan', 'tangan', 'katakan', 'itu', 'bencana', 'yg', 'mengerikan', 'mereka', 'polisi', 'itu', 'menunjukkan', 'gelagat', 'cuc'];['bangsaid_', 'prayforkanjuruhan', 'dunia', 'bergandengan', 'tangan', 'katakan', 'itu', 'bencana', 'yg', 'mengerikan', 'mereka', 'polisi', 'itu', 'menunjukkan', 'gelagat', 'cuc'];bangsaid_ prayforkanjuruhan dunia bergandengan tangan katakan itu bencana yg mengerikan mereka polisi itu menunjukkan gelagat cuc
20;2022-10-04 03:23:00;1.577137181671293e+18;"RT @hurryKoRn: Ribuan Bonek Gelar Doa Bersama untuk Tragedi Kanjuruhan Malang: Tidak Ada Rivalitas Bagi Kemanusiaan

Aq sebagai Fans Persebâ€¦";Twitter for Android;0.0;1.0;hurrykorn ribuan bonek gelar doa bersama untuk tragedi kanjuruhan malang tidak ada rivalitas bagi kemanusiaan aq sebagai fans perseb;['hurrykorn', 'ribuan', 'bonek', 'gelar', 'doa', 'bersama', 'untuk', 'tragedi', 'kanjuruhan', 'malang', 'tidak', 'ada', 'rivalitas', 'bagi', 'kemanusiaan', 'aq', 'sebagai', 'fans', 'perseb'];['hurrykorn', 'ribuan', 'bonek', 'gelar', 'doa', 'bersama', 'untuk', 'tragedi', 'kanjuruhan', 'malang', 'tidak', 'ada', 'rivalitas', 'bagi', 'kemanusiaan', 'aq', 'sebagai', 'fans', 'perseb'];hurrykorn ribuan bonek gelar doa bersama untuk tragedi kanjuruhan malang tidak ada rivalitas bagi kemanusiaan aq sebagai fans perseb
21;2022-10-04 03:23:00;1.5771371802075546e+18;"RT @BTS_AHC_IDN: Mari sejenak kita panjatkan doa untuk korban dan pihak yang terdampak.

#PrayForKanjuruhan #DukaUntukKanjuruhan 

Hai ARMYâ€¦";Twitter for iPhone;0.0;3434.0;bts_ahc_idn mari sejenak kita panjatkan doa untuk korban dan pihak yang terdampak hai army;['bts_ahc_idn', 'mari', 'sejenak', 'kita', 'panjatkan', 'doa', 'untuk', 'korban', 'dan', 'pihak', 'yang', 'terdampak', 'hai', 'army'];['bts_ahc_idn', 'mari', 'sejenak', 'kita', 'panjatkan', 'doa', 'untuk', 'korban', 'dan', 'pihak', 'yang', 'terdampak', 'hai', 'army'];bts_ahc_idn mari sejenak kita panjatkan doa untuk korban dan pihak yang terdampak hai army
22;2022-10-04 03:22:54;1.5771371546687898e+18;"RT @pamungkas_gus: Mayat berjatuhan di ruang pers. Kondisi di Stadion Kanjuruhan malam itu (1/10) memang tidak karuan.
-
Saya menulis pengaâ€¦";Twitter for Android;0.0;1538.0;pamungkas_gus mayat berjatuhan di ruang pers kondisi di stadion kanjuruhan malam itu   memang tidak karuan saya menulis penga;['pamungkas_gus', 'mayat', 'berjatuhan', 'di', 'ruang', 'pers', 'kondisi', 'di', 'stadion', 'kanjuruhan', 'malam', 'itu', 'memang', 'tidak', 'karuan', 'saya', 'menulis', 'penga'];['pamungkas_gus', 'mayat', 'berjatuhan', 'di', 'ruang', 'pers', 'kondisi', 'di', 'stadion', 'kanjuruhan', 'malam', 'itu', 'memang', 'tidak', 'karuan', 'saya', 'menulis', 'penga'];pamungkas_gus mayat berjatuhan di ruang pers kondisi di stadion kanjuruhan malam itu memang tidak karuan saya menulis penga
23;2022-10-04 03:22:53;1.5771371506922373e+18;"RT @choymarkochoy: @OngisnadeNet @cokro_tv Ini yg kami khawatirkan, 
Mereka kan membuat framing bahwa suporter berbahaya

Omongan ade armanâ€¦";Twitter for Android;0.0;6.0;choymarkochoy ongisnadenet cokro_tv ini yg kami khawatirkan mereka kan membuat framing bahwa suporter berbahaya omongan ade arman;['choymarkochoy', 'ongisnadenet', 'cokro_tv', 'ini', 'yg', 'kami', 'khawatirkan', 'mereka', 'kan', 'membuat', 'framing', 'bahwa', 'suporter', 'berbahaya', 'omongan', 'ade', 'arman'];['choymarkochoy', 'ongisnadenet', 'cokro_tv', 'ini', 'yg', 'kami', 'khawatirkan', 'mereka', 'kan', 'membuat', 'framing', 'bahwa', 'suporter', 'berbahaya', 'omongan', 'ade', 'arman'];choymarkochoy ongisnadenet cokro_tv ini yg kami khawatirkan mereka kan membuat framing bahwa suporter berbahaya omongan ade arman
24;2022-10-04 03:22:48;1.5771371328664412e+18;"RT @psisfcofficial: ""Kami Arema, Salam Satu Jiwa"" ğŸŒŸ

Cuplikan video kami dari Semarang malam lalu untuk mengirim doa dan semangat bagi duluâ€¦";Twitter for Android;0.0;1290.0;psisfcofficial kami arema salam satu jiwa cuplikan video kami dari semarang malam lalu untuk mengirim doa dan semangat bagi dulu;['psisfcofficial', 'kami', 'arema', 'salam', 'satu', 'jiwa', 'cuplikan', 'video', 'kami', 'dari', 'semarang', 'malam', 'lalu', 'untuk', 'mengirim', 'doa', 'dan', 'semangat', 'bagi', 'dulu'];['psisfcofficial', 'kami', 'arema', 'salam', 'satu', 'jiwa', 'cuplikan', 'video', 'kami', 'dari', 'semarang', 'malam', 'lalu', 'untuk', 'mengirim', 'doa', 'dan', 'semangat', 'bagi', 'dulu'];psisfcofficial kami arema salam satu jiwa cuplikan video kami dari semarang malam lalu untuk mengirim doa dan semangat bagi dulu
25;2022-10-04 03:22:44;1.5771371137487544e+18;"RT @indohooligan12: KALIAN PEMBUNUH! A.C.A.B (1.10.2022)

Seorang supporter arema mengingatkan kepolisian untuk tidak menggunakan gas air mâ€¦";Twitter for Android;0.0;19.0;indohooligan kalian pembunuh       seorang supporter arema mengingatkan kepolisian untuk tidak menggunakan gas air;['indohooligan', 'kalian', 'pembunuh', 'seorang', 'supporter', 'arema', 'mengingatkan', 'kepolisian', 'untuk', 'tidak', 'menggunakan', 'gas', 'air'];['indohooligan', 'kalian', 'pembunuh', 'seorang', 'supporter', 'arema', 'mengingatkan', 'kepolisian', 'untuk', 'tidak', 'menggunakan', 'gas', 'air'];indohooligan kalian pembunuh seorang supporter arema mengingatkan kepolisian untuk tidak menggunakan gas air
26;2022-10-04 03:22:44;1.577137112688005e+18;"RT @kelas_teknisi: Salah satu supporter yang turun ke lapangan memberitahu polis jangan pake gas air mata krn ada anak kecil.

Sumber instaâ€¦";Twitter for Android;0.0;7170.0;kelas_teknisi salah satu supporter yang turun ke lapangan memberitahu polis jangan pake gas air mata krn ada anak kecil sumber insta;['kelas_teknisi', 'salah', 'satu', 'supporter', 'yang', 'turun', 'ke', 'lapangan', 'memberitahu', 'polis', 'jangan', 'pake', 'gas', 'air', 'mata', 'krn', 'ada', 'anak', 'kecil', 'sumber', 'insta'];['kelas_teknisi', 'salah', 'satu', 'supporter', 'yang', 'turun', 'ke', 'lapangan', 'memberitahu', 'polis', 'jangan', 'pake', 'gas', 'air', 'mata', 'krn', 'ada', 'anak', 'kecil', 'sumber', 'insta'];kelas_teknisi salah satu supporter yang turun ke lapangan memberitahu polis jangan pake gas air mata krn ada anak kecil sumber insta
27;2022-10-04 03:22:39;1.5771370928569467e+18;RT @detikcom: Puluhan anak dilaporkan tewas dalam tragedi maut di Stadion Kanjuruhan. Korban tewas paling muda berusia tiga atau empat tahuâ€¦;Twitter for iPhone;0.0;177.0;detikcom puluhan anak dilaporkan tewas dalam tragedi maut di stadion kanjuruhan korban tewas paling muda berusia tiga atau empat tahu;['detikcom', 'puluhan', 'anak', 'dilaporkan', 'tewas', 'dalam', 'tragedi', 'maut', 'di', 'stadion', 'kanjuruhan', 'korban', 'tewas', 'paling', 'muda', 'berusia', 'tiga', 'atau', 'empat', 'tahu'];['detikcom', 'puluhan', 'anak', 'dilaporkan', 'tewas', 'dalam', 'tragedi', 'maut', 'di', 'stadion', 'kanjuruhan', 'korban', 'tewas', 'paling', 'muda', 'berusia', 'tiga', 'atau', 'empat', 'tahu'];detikcom puluhan anak dilaporkan tewas dalam tragedi maut di stadion kanjuruhan korban tewas paling muda berusia tiga atau empat tahu
28;2022-10-04 03:22:32;1.5771370660053688e+18;RT @ZAEffendy: Mata perih, terus berair. Tenggorokan kering, susah bernafas. Dada kerasa panas...efek gas air mata! Panik, lari berdesakanâ€¦;Twitter for Android;0.0;10.0;zaeffendy mata perih terus berair tenggorokan kering susah bernafas dada kerasa panas efek gas air mata panik lari berdesakan;['zaeffendy', 'mata', 'perih', 'terus', 'berair', 'tenggorokan', 'kering', 'susah', 'bernafas', 'dada', 'kerasa', 'panas', 'efek', 'gas', 'air', 'mata', 'panik', 'lari', 'berdesakan'];['zaeffendy', 'mata', 'perih', 'terus', 'berair', 'tenggorokan', 'kering', 'susah', 'bernafas', 'dada', 'kerasa', 'panas', 'efek', 'gas', 'air', 'mata', 'panik', 'lari', 'berdesakan'];zaeffendy mata perih terus berair tenggorokan kering susah bernafas dada kerasa panas efek gas air mata panik lari berdesakan
29;2022-10-04 03:22:31;1.5771370591221883e+18;RT @detikcom: Puluhan anak dilaporkan tewas dalam tragedi maut di Stadion Kanjuruhan. Korban tewas paling muda berusia tiga atau empat tahuâ€¦;Twitter for iPhone;0.0;177.0;detikcom puluhan anak dilaporkan tewas dalam tragedi maut di stadion kanjuruhan korban tewas paling muda berusia tiga atau empat tahu;['detikcom', 'puluhan', 'anak', 'dilaporkan', 'tewas', 'dalam', 'tragedi', 'maut', 'di', 'stadion', 'kanjuruhan', 'korban', 'tewas', 'paling', 'muda', 'berusia', 'tiga', 'atau', 'empat', 'tahu'];['detikcom', 'puluhan', 'anak', 'dilaporkan', 'tewas', 'dalam', 'tragedi', 'maut', 'di', 'stadion', 'kanjuruhan', 'korban', 'tewas', 'paling', 'muda', 'berusia', 'tiga', 'atau', 'empat', 'tahu'];detikcom puluhan anak dilaporkan tewas dalam tragedi maut di stadion kanjuruhan korban tewas paling muda berusia tiga atau empat tahu
30;2022-10-04 03:22:30;1.577137056794321e+18;"RT @bangSaid_: PrayForKanjuruhan
Dunia bergandengan tangan katakan itu Bencana yg mengerikan, 

Mereka Polisi-2 itu menunjukkan gelagat Cucâ€¦";Twitter for Android;0.0;141.0;bangsaid_ prayforkanjuruhan dunia bergandengan tangan katakan itu bencana yg mengerikan mereka polisi   itu menunjukkan gelagat cuc;['bangsaid_', 'prayforkanjuruhan', 'dunia', 'bergandengan', 'tangan', 'katakan', 'itu', 'bencana', 'yg', 'mengerikan', 'mereka', 'polisi', 'itu', 'menunjukkan', 'gelagat', 'cuc'];['bangsaid_', 'prayforkanjuruhan', 'dunia', 'bergandengan', 'tangan', 'katakan', 'itu', 'bencana', 'yg', 'mengerikan', 'mereka', 'polisi', 'itu', 'menunjukkan', 'gelagat', 'cuc'];bangsaid_ prayforkanjuruhan dunia bergandengan tangan katakan itu bencana yg mengerikan mereka polisi itu menunjukkan gelagat cuc
31;2022-10-04 03:22:20;1.5771370155227464e+18;"RT @BTS_AHC_IDN: Mari sejenak kita panjatkan doa untuk korban dan pihak yang terdampak.

#PrayForKanjuruhan #DukaUntukKanjuruhan 

Hai ARMYâ€¦";Twitter for Android;0.0;3434.0;bts_ahc_idn mari sejenak kita panjatkan doa untuk korban dan pihak yang terdampak hai army;['bts_ahc_idn', 'mari', 'sejenak', 'kita', 'panjatkan', 'doa', 'untuk', 'korban', 'dan', 'pihak', 'yang', 'terdampak', 'hai', 'army'];['bts_ahc_idn', 'mari', 'sejenak', 'kita', 'panjatkan', 'doa', 'untuk', 'korban', 'dan', 'pihak', 'yang', 'terdampak', 'hai', 'army'];bts_ahc_idn mari sejenak kita panjatkan doa untuk korban dan pihak yang terdampak hai army
32;2022-10-04 03:22:18;1.5771370062110433e+18;RT @Box2boxID: ğŸš¨ BREAKING: Sampai 24 jam setelah Tragedi Kanjuruhan berlalu, belum ada pejabat publik yang mundur dari jabatannya sebagai bâ€¦;Twitter for iPhone;0.0;5609.0;bo breaking sampai   jam setelah tragedi kanjuruhan berlalu belum ada pejabat publik yang mundur dari jabatannya sebagai;['bo', 'breaking', 'sampai', 'jam', 'setelah', 'tragedi', 'kanjuruhan', 'berlalu', 'belum', 'ada', 'pejabat', 'publik', 'yang', 'mundur', 'dari', 'jabatannya', 'sebagai'];['bo', 'breaking', 'sampai', 'jam', 'setelah', 'tragedi', 'kanjuruhan', 'berlalu', 'belum', 'ada', 'pejabat', 'publik', 'yang', 'mundur', 'dari', 'jabatannya', 'sebagai'];bo breaking sampai jam setelah tragedi kanjuruhan berlalu belum ada pejabat publik yang mundur dari jabatannya sebagai
33;2022-10-04 03:22:13;1.5771369832601477e+18;"#programbunuhpribumiradikal
#UsutTuntas 230 tewas.
Gas Air Mata Cakrabirawa #G01OPKI Pembantaian Aremaniaâ€¦ https://t.co/XAJvAFM20m";Twitter for Android;0.0;0.0;  tewas gas air mata cakrabirawa pembantaian aremania co;['tewas', 'gas', 'air', 'mata', 'cakrabirawa', 'pembantaian', 'aremania', 'co'];['tewas', 'gas', 'air', 'mata', 'cakrabirawa', 'pembantaian', 'aremania', 'co'];tewas gas air mata cakrabirawa pembantaian aremania co
34;2022-10-04 03:22:11;1.5771369743175066e+18;RT @SportsTime_id: Salah satu supporter turun ke lapangan dan berbicara kepada kepada polisi agar tidak menembakkan Gas Air Mata karena banâ€¦;Twitter for Android;0.0;712.0;sportstime_id salah satu supporter turun ke lapangan dan berbicara kepada kepada polisi agar tidak menembakkan gas air mata karena ban;['sportstime_id', 'salah', 'satu', 'supporter', 'turun', 'ke', 'lapangan', 'dan', 'berbicara', 'kepada', 'kepada', 'polisi', 'agar', 'tidak', 'menembakkan', 'gas', 'air', 'mata', 'karena', 'ban'];['sportstime_id', 'salah', 'satu', 'supporter', 'turun', 'ke', 'lapangan', 'dan', 'berbicara', 'kepada', 'kepada', 'polisi', 'agar', 'tidak', 'menembakkan', 'gas', 'air', 'mata', 'karena', 'ban'];sportstime_id salah satu supporter turun ke lapangan dan berbicara kepada kepada polisi agar tidak menembakkan gas air mata karena ban
35;2022-10-04 03:22:07;1.5771369580897444e+18;"RT @kelas_teknisi: Salah satu supporter yang turun ke lapangan memberitahu polis jangan pake gas air mata krn ada anak kecil.

Sumber instaâ€¦";Twitter for Android;0.0;7170.0;kelas_teknisi salah satu supporter yang turun ke lapangan memberitahu polis jangan pake gas air mata krn ada anak kecil sumber insta;['kelas_teknisi', 'salah', 'satu', 'supporter', 'yang', 'turun', 'ke', 'lapangan', 'memberitahu', 'polis', 'jangan', 'pake', 'gas', 'air', 'mata', 'krn', 'ada', 'anak', 'kecil', 'sumber', 'insta'];['kelas_teknisi', 'salah', 'satu', 'supporter', 'yang', 'turun', 'ke', 'lapangan', 'memberitahu', 'polis', 'jangan', 'pake', 'gas', 'air', 'mata', 'krn', 'ada', 'anak', 'kecil', 'sumber', 'insta'];kelas_teknisi salah satu supporter yang turun ke lapangan memberitahu polis jangan pake gas air mata krn ada anak kecil sumber insta
36;2022-10-04 03:22:02;1.5771369398071665e+18;"RT @agoswarsoep: Yg ingin merapat ke Jogja
Kita kumpul di air mancur Manahan jam 16.00

Tujuan kita doa bersama untk saudara2 kita korban Tâ€¦";Twitter for Android;0.0;72.0;agoswarsoep yg ingin merapat ke jogja kita kumpul di air mancur manahan jam     tujuan kita doa bersama untk saudara kita korban;['agoswarsoep', 'yg', 'ingin', 'merapat', 'ke', 'jogja', 'kita', 'kumpul', 'di', 'air', 'mancur', 'manahan', 'jam', 'tujuan', 'kita', 'doa', 'bersama', 'untk', 'saudara', 'kita', 'korban'];['agoswarsoep', 'yg', 'ingin', 'merapat', 'ke', 'jogja', 'kita', 'kumpul', 'di', 'air', 'mancur', 'manahan', 'jam', 'tujuan', 'kita', 'doa', 'bersama', 'untk', 'saudara', 'kita', 'korban'];agoswarsoep yg ingin merapat ke jogja kita kumpul di air mancur manahan jam tujuan kita doa bersama untk saudara kita korban
37;2022-10-04 03:22:00;1.5771369314101821e+18;"RT @ada_pohan: Jualannya Radikul Radikul...
Belanja Gas Air Matanya 1 Trilyun Lebih ğŸ˜´ğŸ˜´ğŸ¤‘

#bubarkanrezimkorup
#SaveAniesBaswedan 
#PrayForKaâ€¦";Twitter for Android;0.0;344.0;ada_pohan jualannya radikul radikul belanja gas air matanya   trilyun lebih;['ada_pohan', 'jualannya', 'radikul', 'radikul', 'belanja', 'gas', 'air', 'matanya', 'trilyun', 'lebih'];['ada_pohan', 'jualannya', 'radikul', 'radikul', 'belanja', 'gas', 'air', 'matanya', 'trilyun', 'lebih'];ada_pohan jualannya radikul radikul belanja gas air matanya trilyun lebih
38;2022-10-04 03:21:59;1.577136926184067e+18;"RT @kelas_teknisi: Salah satu supporter yang turun ke lapangan memberitahu polis jangan pake gas air mata krn ada anak kecil.

Sumber instaâ€¦";Twitter for iPhone;0.0;7170.0;kelas_teknisi salah satu supporter yang turun ke lapangan memberitahu polis jangan pake gas air mata krn ada anak kecil sumber insta;['kelas_teknisi', 'salah', 'satu', 'supporter', 'yang', 'turun', 'ke', 'lapangan', 'memberitahu', 'polis', 'jangan', 'pake', 'gas', 'air', 'mata', 'krn', 'ada', 'anak', 'kecil', 'sumber', 'insta'];['kelas_teknisi', 'salah', 'satu', 'supporter', 'yang', 'turun', 'ke', 'lapangan', 'memberitahu', 'polis', 'jangan', 'pake', 'gas', 'air', 'mata', 'krn', 'ada', 'anak', 'kecil', 'sumber', 'insta'];kelas_teknisi salah satu supporter yang turun ke lapangan memberitahu polis jangan pake gas air mata krn ada anak kecil sumber insta
39;2022-10-04 03:21:56;1.5771369129045156e+18;"RT @psisfcofficial: ""Kami Arema, Salam Satu Jiwa"" ğŸŒŸ

Cuplikan video kami dari Semarang malam lalu untuk mengirim doa dan semangat bagi duluâ€¦";Twitter for Android;0.0;1290.0;psisfcofficial kami arema salam satu jiwa cuplikan video kami dari semarang malam lalu untuk mengirim doa dan semangat bagi dulu;['psisfcofficial', 'kami', 'arema', 'salam', 'satu', 'jiwa', 'cuplikan', 'video', 'kami', 'dari', 'semarang', 'malam', 'lalu', 'untuk', 'mengirim', 'doa', 'dan', 'semangat', 'bagi', 'dulu'];['psisfcofficial', 'kami', 'arema', 'salam', 'satu', 'jiwa', 'cuplikan', 'video', 'kami', 'dari', 'semarang', 'malam', 'lalu', 'untuk', 'mengirim', 'doa', 'dan', 'semangat', 'bagi', 'dulu'];psisfcofficial kami arema salam satu jiwa cuplikan video kami dari semarang malam lalu untuk mengirim doa dan semangat bagi dulu
40;2022-10-04 03:21:50;1.577136889676456e+18;RT @UyokBack: #PrayForKanjuruhan https://t.co/Va2Gz0EcXr;Twitter for Android;0.0;397.0;uyokback covagzec;['uyokback', 'covagzec'];['uyokback', 'covagzec'];uyokback covagzec
41;2022-10-04 03:21:49;1.5771368852682424e+18;"RT @BTS_AHC_IDN: Mari sejenak kita panjatkan doa untuk korban dan pihak yang terdampak.

#PrayForKanjuruhan #DukaUntukKanjuruhan 

Hai ARMYâ€¦";Twitter for Android;0.0;3434.0;bts_ahc_idn mari sejenak kita panjatkan doa untuk korban dan pihak yang terdampak hai army;['bts_ahc_idn', 'mari', 'sejenak', 'kita', 'panjatkan', 'doa', 'untuk', 'korban', 'dan', 'pihak', 'yang', 'terdampak', 'hai', 'army'];['bts_ahc_idn', 'mari', 'sejenak', 'kita', 'panjatkan', 'doa', 'untuk', 'korban', 'dan', 'pihak', 'yang', 'terdampak', 'hai', 'army'];bts_ahc_idn mari sejenak kita panjatkan doa untuk korban dan pihak yang terdampak hai army
42;2022-10-04 03:21:48;1.577136878968402e+18;"RT @BaliUtd: ğŸ–¤ğŸ•¯

#PrayForKanjuruhan #BaliUnited https://t.co/QXDnBCfOsg";Twitter for iPhone;0.0;602.0;baliutd co;['baliutd', 'co'];['baliutd', 'co'];baliutd co
43;2022-10-04 03:21:45;1.5771368688476283e+18;RT @asep_rivaa: Tanggapan dan ucapan dari berbagai jurnalis internasional,club sepakbola, penulis dan yang lain atas peristiwa di kanjuruhaâ€¦;Twitter for Android;0.0;1364.0;asep_rivaa tanggapan dan ucapan dari berbagai jurnalis internasional club sepakbola penulis dan yang lain atas peristiwa di kanjuruha;['asep_rivaa', 'tanggapan', 'dan', 'ucapan', 'dari', 'berbagai', 'jurnalis', 'internasional', 'club', 'sepakbola', 'penulis', 'dan', 'yang', 'lain', 'atas', 'peristiwa', 'di', 'kanjuruha'];['asep_rivaa', 'tanggapan', 'dan', 'ucapan', 'dari', 'berbagai', 'jurnalis', 'internasional', 'club', 'sepakbola', 'penulis', 'dan', 'yang', 'lain', 'atas', 'peristiwa', 'di', 'kanjuruha'];asep_rivaa tanggapan dan ucapan dari berbagai jurnalis internasional club sepakbola penulis dan yang lain atas peristiwa di kanjuruha
44;2022-10-04 03:21:45;1.5771368676564173e+18;"RT @psisfcofficial: ""Kami Arema, Salam Satu Jiwa"" ğŸŒŸ

Cuplikan video kami dari Semarang malam lalu untuk mengirim doa dan semangat bagi duluâ€¦";Twitter Web App;0.0;1290.0;psisfcofficial kami arema salam satu jiwa cuplikan video kami dari semarang malam lalu untuk mengirim doa dan semangat bagi dulu;['psisfcofficial', 'kami', 'arema', 'salam', 'satu', 'jiwa', 'cuplikan', 'video', 'kami', 'dari', 'semarang', 'malam', 'lalu', 'untuk', 'mengirim', 'doa', 'dan', 'semangat', 'bagi', 'dulu'];['psisfcofficial', 'kami', 'arema', 'salam', 'satu', 'jiwa', 'cuplikan', 'video', 'kami', 'dari', 'semarang', 'malam', 'lalu', 'untuk', 'mengirim', 'doa', 'dan', 'semangat', 'bagi', 'dulu'];psisfcofficial kami arema salam satu jiwa cuplikan video kami dari semarang malam lalu untuk mengirim doa dan semangat bagi dulu
45;2022-10-04 03:21:45;1.5771368676315832e+18;"RT @SportsTime_id: KAMI MANUSIA PAK BUKAN BINATANGâ€¼ï¸ 

Bisakah anda lebih bijak dlm meredam agar tidak memakan banyak korban nyawa?ğŸ¥€

#Prayâ€¦";Twitter for Android;0.0;530.0;sportstime_id kami manusia pak bukan binatang bisakah anda lebih bijak dlm meredam agar tidak memakan banyak korban nyawa;['sportstime_id', 'kami', 'manusia', 'pak', 'bukan', 'binatang', 'bisakah', 'anda', 'lebih', 'bijak', 'dlm', 'meredam', 'agar', 'tidak', 'memakan', 'banyak', 'korban', 'nyawa'];['sportstime_id', 'kami', 'manusia', 'pak', 'bukan', 'binatang', 'bisakah', 'anda', 'lebih', 'bijak', 'dlm', 'meredam', 'agar', 'tidak', 'memakan', 'banyak', 'korban', 'nyawa'];sportstime_id kami manusia pak bukan binatang bisakah anda lebih bijak dlm meredam agar tidak memakan banyak korban nyawa
46;2022-10-04 03:21:44;1.5771368633194496e+18;"RT @kelas_teknisi: Salah satu supporter yang turun ke lapangan memberitahu polis jangan pake gas air mata krn ada anak kecil.

Sumber instaâ€¦";Twitter for iPhone;0.0;7170.0;kelas_teknisi salah satu supporter yang turun ke lapangan memberitahu polis jangan pake gas air mata krn ada anak kecil sumber insta;['kelas_teknisi', 'salah', 'satu', 'supporter', 'yang', 'turun', 'ke', 'lapangan', 'memberitahu', 'polis', 'jangan', 'pake', 'gas', 'air', 'mata', 'krn', 'ada', 'anak', 'kecil', 'sumber', 'insta'];['kelas_teknisi', 'salah', 'satu', 'supporter', 'yang', 'turun', 'ke', 'lapangan', 'memberitahu', 'polis', 'jangan', 'pake', 'gas', 'air', 'mata', 'krn', 'ada', 'anak', 'kecil', 'sumber', 'insta'];kelas_teknisi salah satu supporter yang turun ke lapangan memberitahu polis jangan pake gas air mata krn ada anak kecil sumber insta
47;2022-10-04 03:21:41;1.5771368497889935e+18;"RT @abahgembos87: KALIAN SEMUA PEMBUNUH 
#KanjuruhanDisaster #PrayForKanjuruhan #aremania https://t.co/z4Xgu5kdCL";Twitter for Android;0.0;3903.0;abahgembos kalian semua pembunuh coz;['abahgembos', 'kalian', 'semua', 'pembunuh', 'coz'];['abahgembos', 'kalian', 'semua', 'pembunuh', 'coz'];abahgembos kalian semua pembunuh coz
48;2022-10-04 03:21:41;1.5771368481071063e+18;"Mau cari kambaing hitam apalagi...saksi ribuan orang...
@ListyoSigitP @DivHumas_Polri @Puspen_TNI @AJEnglishâ€¦ https://t.co/hodKPARbkm";Twitter for Android;0.0;0.0;mau cari kambaing hitam apalagi saksi ribuan orang listyosigitp divhumas_polri puspen_tni ajenglish cohodkparbkm;['mau', 'cari', 'kambaing', 'hitam', 'apalagi', 'saksi', 'ribuan', 'orang', 'listyosigitp', 'divhumas_polri', 'puspen_tni', 'ajenglish', 'cohodkparbkm'];['mau', 'cari', 'kambaing', 'hitam', 'apalagi', 'saksi', 'ribuan', 'orang', 'listyosigitp', 'divhumas_polri', 'puspen_tni', 'ajenglish', 'cohodkparbkm'];mau cari kambaing hitam apalagi saksi ribuan orang listyosigitp divhumas_polri puspen_tni ajenglish cohodkparbkm
49;2022-10-04 03:21:40;1.577136844403544e+18;"RT @Amar_0599: Sekolah hukum 4 tahun aja kadang belum tentu paham hukum, kok bisa pendidikan berapa bulan aja dah jadi penegak hukum. 
Akibâ€¦";Twitter for iPhone;0.0;826.0;amar_ sekolah hukum   tahun aja kadang belum tentu paham hukum kok bisa pendidikan berapa bulan aja dah jadi penegak hukum akib;['amar_', 'sekolah', 'hukum', 'tahun', 'aja', 'kadang', 'belum', 'tentu', 'paham', 'hukum', 'kok', 'bisa', 'pendidikan', 'berapa', 'bulan', 'aja', 'dah', 'jadi', 'penegak', 'hukum', 'akib'];['amar_', 'sekolah', 'hukum', 'tahun', 'aja', 'kadang', 'belum', 'tentu', 'paham', 'hukum', 'kok', 'bisa', 'pendidikan', 'berapa', 'bulan', 'aja', 'dah', 'jadi', 'penegak', 'hukum', 'akib'];amar_ sekolah hukum tahun aja kadang belum tentu paham hukum kok bisa pendidikan berapa bulan aja dah jadi penegak hukum akib
50;2022-10-04 03:21:39;1.5771368416559555e+18;"RT @ResNgawi: Mari bersama meluangkan waktu untuk saudara kita. ğŸ¤²
#PrayForKanjuruhan https://t.co/lXKJ670dAT";Twitter for Android;0.0;37.0;resngawi mari bersama meluangkan waktu untuk saudara kita co;['resngawi', 'mari', 'bersama', 'meluangkan', 'waktu', 'untuk', 'saudara', 'kita', 'co'];['resngawi', 'mari', 'bersama', 'meluangkan', 'waktu', 'untuk', 'saudara', 'kita', 'co'];resngawi mari bersama meluangkan waktu untuk saudara kita co
51;2022-10-04 03:21:37;1.5771368314515292e+18;"RT @kelas_teknisi: Salah satu supporter yang turun ke lapangan memberitahu polis jangan pake gas air mata krn ada anak kecil.

Sumber instaâ€¦";Twitter for iPhone;0.0;7170.0;kelas_teknisi salah satu supporter yang turun ke lapangan memberitahu polis jangan pake gas air mata krn ada anak kecil sumber insta;['kelas_teknisi', 'salah', 'satu', 'supporter', 'yang', 'turun', 'ke', 'lapangan', 'memberitahu', 'polis', 'jangan', 'pake', 'gas', 'air', 'mata', 'krn', 'ada', 'anak', 'kecil', 'sumber', 'insta'];['kelas_teknisi', 'salah', 'satu', 'supporter', 'yang', 'turun', 'ke', 'lapangan', 'memberitahu', 'polis', 'jangan', 'pake', 'gas', 'air', 'mata', 'krn', 'ada', 'anak', 'kecil', 'sumber', 'insta'];kelas_teknisi salah satu supporter yang turun ke lapangan memberitahu polis jangan pake gas air mata krn ada anak kecil sumber insta
52;2022-10-04 03:21:34;1.577136820885672e+18;"RT @BTS_AHC_IDN: Mari sejenak kita panjatkan doa untuk korban dan pihak yang terdampak.

#PrayForKanjuruhan #DukaUntukKanjuruhan 

Hai ARMYâ€¦";Twitter for Android;0.0;3434.0;bts_ahc_idn mari sejenak kita panjatkan doa untuk korban dan pihak yang terdampak hai army;['bts_ahc_idn', 'mari', 'sejenak', 'kita', 'panjatkan', 'doa', 'untuk', 'korban', 'dan', 'pihak', 'yang', 'terdampak', 'hai', 'army'];['bts_ahc_idn', 'mari', 'sejenak', 'kita', 'panjatkan', 'doa', 'untuk', 'korban', 'dan', 'pihak', 'yang', 'terdampak', 'hai', 'army'];bts_ahc_idn mari sejenak kita panjatkan doa untuk korban dan pihak yang terdampak hai army
53;2022-10-04 03:21:33;1.5771368158444913e+18;"RT @abahgembos87: KALIAN SEMUA PEMBUNUH 
#KanjuruhanDisaster #PrayForKanjuruhan #aremania https://t.co/z4Xgu5kdCL";Twitter for Android;0.0;3903.0;abahgembos kalian semua pembunuh coz;['abahgembos', 'kalian', 'semua', 'pembunuh', 'coz'];['abahgembos', 'kalian', 'semua', 'pembunuh', 'coz'];abahgembos kalian semua pembunuh coz
54;2022-10-04 03:21:32;1.5771368129294868e+18;"RT @MCAOps: Panglima TNI angkat bicara terkait aksi viral seorang prajurit menendang suporter di Stadion Kanjuruhan,
Tindakan yang dilakukaâ€¦";Twitter for Android;0.0;84.0;mcaops panglima tni angkat bicara terkait aksi viral seorang prajurit menendang suporter di stadion kanjuruhan tindakan yang dilakuka;['mcaops', 'panglima', 'tni', 'angkat', 'bicara', 'terkait', 'aksi', 'viral', 'seorang', 'prajurit', 'menendang', 'suporter', 'di', 'stadion', 'kanjuruhan', 'tindakan', 'yang', 'dilakuka'];['mcaops', 'panglima', 'tni', 'angkat', 'bicara', 'terkait', 'aksi', 'viral', 'seorang', 'prajurit', 'menendang', 'suporter', 'di', 'stadion', 'kanjuruhan', 'tindakan', 'yang', 'dilakuka'];mcaops panglima tni angkat bicara terkait aksi viral seorang prajurit menendang suporter di stadion kanjuruhan tindakan yang dilakuka
55;2022-10-04 03:21:29;1.5771368008747008e+18;"RT @abahgembos87: KALIAN SEMUA PEMBUNUH 
#KanjuruhanDisaster #PrayForKanjuruhan #aremania https://t.co/z4Xgu5kdCL";Twitter for Android;0.0;3903.0;abahgembos kalian semua pembunuh coz;['abahgembos', 'kalian', 'semua', 'pembunuh', 'coz'];['abahgembos', 'kalian', 'semua', 'pembunuh', 'coz'];abahgembos kalian semua pembunuh coz
56;2022-10-04 03:21:29;1.5771367989033288e+18;"RT @difabel1933: Assalamualaikum,Wr.Wb.
Dulur2 Bobotoh,Viking/Masy Umum diinformasikan un sholat ghaib bagi kawan2 Aremania, hr ini jam11.3â€¦";Twitter Web App;0.0;9.0;difabel assalamualaikum wr wb dulur bobotoh vikingmasy umum diinformasikan un sholat ghaib bagi kawan aremania hr ini jam  ;['difabel', 'assalamualaikum', 'wr', 'wb', 'dulur', 'bobotoh', 'vikingmasy', 'umum', 'diinformasikan', 'un', 'sholat', 'ghaib', 'bagi', 'kawan', 'aremania', 'hr', 'ini', 'jam'];['difabel', 'assalamualaikum', 'wr', 'wb', 'dulur', 'bobotoh', 'vikingmasy', 'umum', 'diinformasikan', 'un', 'sholat', 'ghaib', 'bagi', 'kawan', 'aremania', 'hr', 'ini', 'jam'];difabel assalamualaikum wr wb dulur bobotoh vikingmasy umum diinformasikan un sholat ghaib bagi kawan aremania hr ini jam
57;2022-10-04 03:21:27;1.577136790200148e+18;"RT @Amar_0599: Sekolah hukum 4 tahun aja kadang belum tentu paham hukum, kok bisa pendidikan berapa bulan aja dah jadi penegak hukum. 
Akibâ€¦";Twitter for iPhone;0.0;826.0;amar_ sekolah hukum   tahun aja kadang belum tentu paham hukum kok bisa pendidikan berapa bulan aja dah jadi penegak hukum akib;['amar_', 'sekolah', 'hukum', 'tahun', 'aja', 'kadang', 'belum', 'tentu', 'paham', 'hukum', 'kok', 'bisa', 'pendidikan', 'berapa', 'bulan', 'aja', 'dah', 'jadi', 'penegak', 'hukum', 'akib'];['amar_', 'sekolah', 'hukum', 'tahun', 'aja', 'kadang', 'belum', 'tentu', 'paham', 'hukum', 'kok', 'bisa', 'pendidikan', 'berapa', 'bulan', 'aja', 'dah', 'jadi', 'penegak', 'hukum', 'akib'];amar_ sekolah hukum tahun aja kadang belum tentu paham hukum kok bisa pendidikan berapa bulan aja dah jadi penegak hukum akib
59;2022-10-04 03:21:23;1.577136774618714e+18;"RT @BaliUtd: ğŸ–¤ğŸ•¯

#PrayForKanjuruhan #BaliUnited https://t.co/QXDnBCfOsg";Twitter for iPhone;0.0;602.0;baliutd co;['baliutd', 'co'];['baliutd', 'co'];baliutd co
60;2022-10-04 03:21:20;1.577136762534916e+18;"RT @BTS_AHC_IDN: Mari sejenak kita panjatkan doa untuk korban dan pihak yang terdampak.

#PrayForKanjuruhan #DukaUntukKanjuruhan 

Hai ARMYâ€¦";Twitter for Android;0.0;3434.0;bts_ahc_idn mari sejenak kita panjatkan doa untuk korban dan pihak yang terdampak hai army;['bts_ahc_idn', 'mari', 'sejenak', 'kita', 'panjatkan', 'doa', 'untuk', 'korban', 'dan', 'pihak', 'yang', 'terdampak', 'hai', 'army'];['bts_ahc_idn', 'mari', 'sejenak', 'kita', 'panjatkan', 'doa', 'untuk', 'korban', 'dan', 'pihak', 'yang', 'terdampak', 'hai', 'army'];bts_ahc_idn mari sejenak kita panjatkan doa untuk korban dan pihak yang terdampak hai army
61;2022-10-04 03:21:20;1.577136761939333e+18;RT @rodrigosantono: #UsutTuntas #PrayForKanjuruhan https://t.co/3H6VEm27js;Twitter for Android;0.0;184.0;rodrigosantono cohvemjs;['rodrigosantono', 'cohvemjs'];['rodrigosantono', 'cohvemjs'];rodrigosantono cohvemjs
62;2022-10-04 03:21:18;1.57713675267371e+18;"RT @BTS_AHC_IDN: Mari sejenak kita panjatkan doa untuk korban dan pihak yang terdampak.

#PrayForKanjuruhan #DukaUntukKanjuruhan 

Hai ARMYâ€¦";Twitter for Android;0.0;3434.0;bts_ahc_idn mari sejenak kita panjatkan doa untuk korban dan pihak yang terdampak hai army;['bts_ahc_idn', 'mari', 'sejenak', 'kita', 'panjatkan', 'doa', 'untuk', 'korban', 'dan', 'pihak', 'yang', 'terdampak', 'hai', 'army'];['bts_ahc_idn', 'mari', 'sejenak', 'kita', 'panjatkan', 'doa', 'untuk', 'korban', 'dan', 'pihak', 'yang', 'terdampak', 'hai', 'army'];bts_ahc_idn mari sejenak kita panjatkan doa untuk korban dan pihak yang terdampak hai army
63;2022-10-04 03:21:16;1.5771367446332785e+18;"RT @psisfcofficial: ""Kami Arema, Salam Satu Jiwa"" ğŸŒŸ

Cuplikan video kami dari Semarang malam lalu untuk mengirim doa dan semangat bagi duluâ€¦";Twitter Web App;0.0;1290.0;psisfcofficial kami arema salam satu jiwa cuplikan video kami dari semarang malam lalu untuk mengirim doa dan semangat bagi dulu;['psisfcofficial', 'kami', 'arema', 'salam', 'satu', 'jiwa', 'cuplikan', 'video', 'kami', 'dari', 'semarang', 'malam', 'lalu', 'untuk', 'mengirim', 'doa', 'dan', 'semangat', 'bagi', 'dulu'];['psisfcofficial', 'kami', 'arema', 'salam', 'satu', 'jiwa', 'cuplikan', 'video', 'kami', 'dari', 'semarang', 'malam', 'lalu', 'untuk', 'mengirim', 'doa', 'dan', 'semangat', 'bagi', 'dulu'];psisfcofficial kami arema salam satu jiwa cuplikan video kami dari semarang malam lalu untuk mengirim doa dan semangat bagi dulu
64;2022-10-04 03:21:13;1.577136731811623e+18;#makganjar  #Makganjarntt  #PrayForKanjuruhan @ganjarpranowo https://t.co/B3JqjliiD8;Twitter for iPhone;1.0;0.0;ganjarpranowo cobjqjliid;['ganjarpranowo', 'cobjqjliid'];['ganjarpranowo', 'cobjqjliid'];ganjarpranowo cobjqjliid
65;2022-10-04 03:21:09;1.5771367165104824e+18;"RT @ResNgawi: Mari bersama meluangkan waktu untuk saudara kita. ğŸ¤²
#PrayForKanjuruhan https://t.co/lXKJ670dAT";Twitter for Android;0.0;37.0;resngawi mari bersama meluangkan waktu untuk saudara kita co;['resngawi', 'mari', 'bersama', 'meluangkan', 'waktu', 'untuk', 'saudara', 'kita', 'co'];['resngawi', 'mari', 'bersama', 'meluangkan', 'waktu', 'untuk', 'saudara', 'kita', 'co'];resngawi mari bersama meluangkan waktu untuk saudara kita co
66;2022-10-04 03:21:07;1.577136709401473e+18;RT @IbnoeAhmad4: Tragedi Kanjuruhan yg dilakukan oleh TNI-AD baret hijau,,...akhirnya harus meregang nyawa,tanpa ada belas kasihan dari sanâ€¦;Twitter for iPhone;0.0;9319.0;ibnoeahmad tragedi kanjuruhan yg dilakukan oleh tni ad baret hijau akhirnya harus meregang nyawa tanpa ada belas kasihan dari san;['ibnoeahmad', 'tragedi', 'kanjuruhan', 'yg', 'dilakukan', 'oleh', 'tni', 'ad', 'baret', 'hijau', 'akhirnya', 'harus', 'meregang', 'nyawa', 'tanpa', 'ada', 'belas', 'kasihan', 'dari', 'san'];['ibnoeahmad', 'tragedi', 'kanjuruhan', 'yg', 'dilakukan', 'oleh', 'tni', 'ad', 'baret', 'hijau', 'akhirnya', 'harus', 'meregang', 'nyawa', 'tanpa', 'ada', 'belas', 'kasihan', 'dari', 'san'];ibnoeahmad tragedi kanjuruhan yg dilakukan oleh tni ad baret hijau akhirnya harus meregang nyawa tanpa ada belas kasihan dari san
67;2022-10-04 03:21:06;1.5771367020275057e+18;"RT @pamungkas_gus: Mayat berjatuhan di ruang pers. Kondisi di Stadion Kanjuruhan malam itu (1/10) memang tidak karuan.
-
Saya menulis pengaâ€¦";Twitter for iPhone;0.0;1538.0;pamungkas_gus mayat berjatuhan di ruang pers kondisi di stadion kanjuruhan malam itu   memang tidak karuan saya menulis penga;['pamungkas_gus', 'mayat', 'berjatuhan', 'di', 'ruang', 'pers', 'kondisi', 'di', 'stadion', 'kanjuruhan', 'malam', 'itu', 'memang', 'tidak', 'karuan', 'saya', 'menulis', 'penga'];['pamungkas_gus', 'mayat', 'berjatuhan', 'di', 'ruang', 'pers', 'kondisi', 'di', 'stadion', 'kanjuruhan', 'malam', 'itu', 'memang', 'tidak', 'karuan', 'saya', 'menulis', 'penga'];pamungkas_gus mayat berjatuhan di ruang pers kondisi di stadion kanjuruhan malam itu memang tidak karuan saya menulis penga
68;2022-10-04 03:21:04;1.5771366944319939e+18;"RT @BosPurwa: Menanti suara lantang 'SAYA MUNDUR' atas peristiwa Kanjuruhan dari ketum PSSI, pejabat polisi dan pejabat negara lainnya 

Jaâ€¦";Twitter for Android;0.0;89.0;bospurwa menanti suara lantang saya mundur atas peristiwa kanjuruhan dari ketum pssi pejabat polisi dan pejabat negara lainnya ja;['bospurwa', 'menanti', 'suara', 'lantang', 'saya', 'mundur', 'atas', 'peristiwa', 'kanjuruhan', 'dari', 'ketum', 'pssi', 'pejabat', 'polisi', 'dan', 'pejabat', 'negara', 'lainnya', 'ja'];['bospurwa', 'menanti', 'suara', 'lantang', 'saya', 'mundur', 'atas', 'peristiwa', 'kanjuruhan', 'dari', 'ketum', 'pssi', 'pejabat', 'polisi', 'dan', 'pejabat', 'negara', 'lainnya', 'ja'];bospurwa menanti suara lantang saya mundur atas peristiwa kanjuruhan dari ketum pssi pejabat polisi dan pejabat negara lainnya ja
69;2022-10-04 03:21:03;1.5771366919276052e+18;"RT @BosPurwa: Menanti suara lantang 'SAYA MUNDUR' atas peristiwa Kanjuruhan dari ketum PSSI, pejabat polisi dan pejabat negara lainnya 

Jaâ€¦";Twitter for Android;0.0;89.0;bospurwa menanti suara lantang saya mundur atas peristiwa kanjuruhan dari ketum pssi pejabat polisi dan pejabat negara lainnya ja;['bospurwa', 'menanti', 'suara', 'lantang', 'saya', 'mundur', 'atas', 'peristiwa', 'kanjuruhan', 'dari', 'ketum', 'pssi', 'pejabat', 'polisi', 'dan', 'pejabat', 'negara', 'lainnya', 'ja'];['bospurwa', 'menanti', 'suara', 'lantang', 'saya', 'mundur', 'atas', 'peristiwa', 'kanjuruhan', 'dari', 'ketum', 'pssi', 'pejabat', 'polisi', 'dan', 'pejabat', 'negara', 'lainnya', 'ja'];bospurwa menanti suara lantang saya mundur atas peristiwa kanjuruhan dari ketum pssi pejabat polisi dan pejabat negara lainnya ja
70;2022-10-04 03:21:02;1.577136688044073e+18;RT @detikcom: Puluhan anak dilaporkan tewas dalam tragedi maut di Stadion Kanjuruhan. Korban tewas paling muda berusia tiga atau empat tahuâ€¦;Twitter Web App;0.0;177.0;detikcom puluhan anak dilaporkan tewas dalam tragedi maut di stadion kanjuruhan korban tewas paling muda berusia tiga atau empat tahu;['detikcom', 'puluhan', 'anak', 'dilaporkan', 'tewas', 'dalam', 'tragedi', 'maut', 'di', 'stadion', 'kanjuruhan', 'korban', 'tewas', 'paling', 'muda', 'berusia', 'tiga', 'atau', 'empat', 'tahu'];['detikcom', 'puluhan', 'anak', 'dilaporkan', 'tewas', 'dalam', 'tragedi', 'maut', 'di', 'stadion', 'kanjuruhan', 'korban', 'tewas', 'paling', 'muda', 'berusia', 'tiga', 'atau', 'empat', 'tahu'];detikcom puluhan anak dilaporkan tewas dalam tragedi maut di stadion kanjuruhan korban tewas paling muda berusia tiga atau empat tahu
71;2022-10-04 03:21:00;1.577136680099713e+18;"RT @btsarmyproject_: Hai ARMY dan #OrangBaik

Atas nama ARMY INDONESIA kami mengucapkan turut berduka cita kepada seluruh korban dari trageâ€¦";Twitter for Android;0.0;46.0;btsarmyproject_ hai army dan atas nama army indonesia kami mengucapkan turut berduka cita kepada seluruh korban dari trage;['btsarmyproject_', 'hai', 'army', 'dan', 'atas', 'nama', 'army', 'indonesia', 'kami', 'mengucapkan', 'turut', 'berduka', 'cita', 'kepada', 'seluruh', 'korban', 'dari', 'trage'];['btsarmyproject_', 'hai', 'army', 'dan', 'atas', 'nama', 'army', 'indonesia', 'kami', 'mengucapkan', 'turut', 'berduka', 'cita', 'kepada', 'seluruh', 'korban', 'dari', 'trage'];btsarmyproject_ hai army dan atas nama army indonesia kami mengucapkan turut berduka cita kepada seluruh korban dari trage
72;2022-10-04 03:20:59;1.5771366741689672e+18;"RT @Wingsofbangtan_: Belum sampai 24 jam! 

Sebarkan kebaikan ARMY #PrayForKanjuruhan 

https://t.co/IyTJd3yPhh

Cc @btsarmyproject_ https:â€¦";Twitter for Android;0.0;12.0;wingsofbangtan_ belum sampai   jam sebarkan kebaikan army coiytjdyphh cc btsarmyproject_ https;['wingsofbangtan_', 'belum', 'sampai', 'jam', 'sebarkan', 'kebaikan', 'army', 'coiytjdyphh', 'cc', 'btsarmyproject_', 'https'];['wingsofbangtan_', 'belum', 'sampai', 'jam', 'sebarkan', 'kebaikan', 'army', 'coiytjdyphh', 'cc', 'btsarmyproject_', 'https'];wingsofbangtan_ belum sampai jam sebarkan kebaikan army coiytjdyphh cc btsarmyproject_ https
73;2022-10-04 03:20:56;1.5771366614438052e+18;"RT @abahgembos87: KALIAN SEMUA PEMBUNUH 
#KanjuruhanDisaster #PrayForKanjuruhan #aremania https://t.co/z4Xgu5kdCL";Twitter Web App;0.0;3903.0;abahgembos kalian semua pembunuh coz;['abahgembos', 'kalian', 'semua', 'pembunuh', 'coz'];['abahgembos', 'kalian', 'semua', 'pembunuh', 'coz'];abahgembos kalian semua pembunuh coz
74;2022-10-04 03:20:56;1.577136659652432e+18;"RT @pamungkas_gus: Mayat berjatuhan di ruang pers. Kondisi di Stadion Kanjuruhan malam itu (1/10) memang tidak karuan.
-
Saya menulis pengaâ€¦";Twitter for Android;0.0;1538.0;pamungkas_gus mayat berjatuhan di ruang pers kondisi di stadion kanjuruhan malam itu   memang tidak karuan saya menulis penga;['pamungkas_gus', 'mayat', 'berjatuhan', 'di', 'ruang', 'pers', 'kondisi', 'di', 'stadion', 'kanjuruhan', 'malam', 'itu', 'memang', 'tidak', 'karuan', 'saya', 'menulis', 'penga'];['pamungkas_gus', 'mayat', 'berjatuhan', 'di', 'ruang', 'pers', 'kondisi', 'di', 'stadion', 'kanjuruhan', 'malam', 'itu', 'memang', 'tidak', 'karuan', 'saya', 'menulis', 'penga'];pamungkas_gus mayat berjatuhan di ruang pers kondisi di stadion kanjuruhan malam itu memang tidak karuan saya menulis penga
75;2022-10-04 03:20:51;1.5771366397001892e+18;RT @IbnoeAhmad4: Tragedi Kanjuruhan yg dilakukan oleh TNI-AD baret hijau,,...akhirnya harus meregang nyawa,tanpa ada belas kasihan dari sanâ€¦;Twitter for Android;0.0;9319.0;ibnoeahmad tragedi kanjuruhan yg dilakukan oleh tni ad baret hijau akhirnya harus meregang nyawa tanpa ada belas kasihan dari san;['ibnoeahmad', 'tragedi', 'kanjuruhan', 'yg', 'dilakukan', 'oleh', 'tni', 'ad', 'baret', 'hijau', 'akhirnya', 'harus', 'meregang', 'nyawa', 'tanpa', 'ada', 'belas', 'kasihan', 'dari', 'san'];['ibnoeahmad', 'tragedi', 'kanjuruhan', 'yg', 'dilakukan', 'oleh', 'tni', 'ad', 'baret', 'hijau', 'akhirnya', 'harus', 'meregang', 'nyawa', 'tanpa', 'ada', 'belas', 'kasihan', 'dari', 'san'];ibnoeahmad tragedi kanjuruhan yg dilakukan oleh tni ad baret hijau akhirnya harus meregang nyawa tanpa ada belas kasihan dari san
76;2022-10-04 03:20:41;1.577136599212888e+18;"RT @BaliUtd: ğŸ–¤ğŸ•¯

#PrayForKanjuruhan #BaliUnited https://t.co/QXDnBCfOsg";Twitter for Android;0.0;602.0;baliutd co;['baliutd', 'co'];['baliutd', 'co'];baliutd co
77;2022-10-04 03:20:39;1.5771365920574013e+18;"Ribuan Bonek Gelar Doa Bersama untuk Tragedi Kanjuruhan Malang: Tidak Ada Rivalitas Bagi Kemanusiaan

Aq sebagai Faâ€¦ https://t.co/pMmQdnc98d";Twitter for Android;1.0;1.0;ribuan bonek gelar doa bersama untuk tragedi kanjuruhan malang tidak ada rivalitas bagi kemanusiaan aq sebagai fa copmmqdncd;['ribuan', 'bonek', 'gelar', 'doa', 'bersama', 'untuk', 'tragedi', 'kanjuruhan', 'malang', 'tidak', 'ada', 'rivalitas', 'bagi', 'kemanusiaan', 'aq', 'sebagai', 'fa', 'copmmqdncd'];['ribuan', 'bonek', 'gelar', 'doa', 'bersama', 'untuk', 'tragedi', 'kanjuruhan', 'malang', 'tidak', 'ada', 'rivalitas', 'bagi', 'kemanusiaan', 'aq', 'sebagai', 'fa', 'copmmqdncd'];ribuan bonek gelar doa bersama untuk tragedi kanjuruhan malang tidak ada rivalitas bagi kemanusiaan aq sebagai fa copmmqdncd
78;2022-10-04 03:20:39;1.5771365911007764e+18;"#programbunuhpribumiradikal
#UsutTuntas 230 tewas.
Gas Air Mata Cakrabirawa #G01OPKI Pembantaian Aremaniaâ€¦ https://t.co/ilpitYjHpH";Twitter for Android;0.0;0.0;  tewas gas air mata cakrabirawa pembantaian aremania coilpityjhph;['tewas', 'gas', 'air', 'mata', 'cakrabirawa', 'pembantaian', 'aremania', 'coilpityjhph'];['tewas', 'gas', 'air', 'mata', 'cakrabirawa', 'pembantaian', 'aremania', 'coilpityjhph'];tewas gas air mata cakrabirawa pembantaian aremania coilpityjhph
79;2022-10-04 03:20:38;1.5771365857491927e+18;"RT @pamungkas_gus: Mayat berjatuhan di ruang pers. Kondisi di Stadion Kanjuruhan malam itu (1/10) memang tidak karuan.
-
Saya menulis pengaâ€¦";Twitter for Android;0.0;1538.0;pamungkas_gus mayat berjatuhan di ruang pers kondisi di stadion kanjuruhan malam itu   memang tidak karuan saya menulis penga;['pamungkas_gus', 'mayat', 'berjatuhan', 'di', 'ruang', 'pers', 'kondisi', 'di', 'stadion', 'kanjuruhan', 'malam', 'itu', 'memang', 'tidak', 'karuan', 'saya', 'menulis', 'penga'];['pamungkas_gus', 'mayat', 'berjatuhan', 'di', 'ruang', 'pers', 'kondisi', 'di', 'stadion', 'kanjuruhan', 'malam', 'itu', 'memang', 'tidak', 'karuan', 'saya', 'menulis', 'penga'];pamungkas_gus mayat berjatuhan di ruang pers kondisi di stadion kanjuruhan malam itu memang tidak karuan saya menulis penga
80;2022-10-04 03:20:37;1.5771365799522877e+18;"RT @thelatnersinep: SIAPA YG BERTANGGUNG JAWAB ATAS TRAGEDI KANJURUHAN
#UsutTuntasTragediKanjuruhan 
#PrayForKanjuruhan 
#PSSIWajibTanggungâ€¦";Twitter for Android;0.0;1.0;thelatnersinep siapa yg be anggung jawab atas tragedi kanjuruhan;['thelatnersinep', 'siapa', 'yg', 'be', 'anggung', 'jawab', 'atas', 'tragedi', 'kanjuruhan'];['thelatnersinep', 'siapa', 'yg', 'be', 'anggung', 'jawab', 'atas', 'tragedi', 'kanjuruhan'];thelatnersinep siapa yg be anggung jawab atas tragedi kanjuruhan
81;2022-10-04 03:20:36;1.577136577427669e+18;"RT @SportsTime_id: KAMI MANUSIA PAK BUKAN BINATANGâ€¼ï¸ 

Bisakah anda lebih bijak dlm meredam agar tidak memakan banyak korban nyawa?ğŸ¥€

#Prayâ€¦";Twitter for Android;0.0;530.0;sportstime_id kami manusia pak bukan binatang bisakah anda lebih bijak dlm meredam agar tidak memakan banyak korban nyawa;['sportstime_id', 'kami', 'manusia', 'pak', 'bukan', 'binatang', 'bisakah', 'anda', 'lebih', 'bijak', 'dlm', 'meredam', 'agar', 'tidak', 'memakan', 'banyak', 'korban', 'nyawa'];['sportstime_id', 'kami', 'manusia', 'pak', 'bukan', 'binatang', 'bisakah', 'anda', 'lebih', 'bijak', 'dlm', 'meredam', 'agar', 'tidak', 'memakan', 'banyak', 'korban', 'nyawa'];sportstime_id kami manusia pak bukan binatang bisakah anda lebih bijak dlm meredam agar tidak memakan banyak korban nyawa
82;2022-10-04 03:20:27;1.5771365412010967e+18;kau sakiti hati ini #PrayForKanjuruhan;Twitter Web App;2.0;0.0;kau sakiti hati ini;['kau', 'sakiti', 'hati', 'ini'];['kau', 'sakiti', 'hati', 'ini'];kau sakiti hati ini
83;2022-10-04 03:20:27;1.5771365380725473e+18;RT @PDitangguhkan_: Trending hari ini sdh ttg Capres, Surya Paloh, Metro TV, PDIP, Nasdem, Giring dll. Msh ada Baim Paula. Tp bbrp TT ttg #â€¦;Twitter for Android;0.0;188.0;pditangguhkan_ trending hari ini sdh ttg capres surya paloh metro tv pdip nasdem giring dll msh ada baim paula tp bbrp tt ttg;['pditangguhkan_', 'trending', 'hari', 'ini', 'sdh', 'ttg', 'capres', 'surya', 'paloh', 'metro', 'tv', 'pdip', 'nasdem', 'giring', 'dll', 'msh', 'ada', 'baim', 'paula', 'tp', 'bbrp', 'tt', 'ttg'];['pditangguhkan_', 'trending', 'hari', 'ini', 'sdh', 'ttg', 'capres', 'surya', 'paloh', 'metro', 'tv', 'pdip', 'nasdem', 'giring', 'dll', 'msh', 'ada', 'baim', 'paula', 'tp', 'bbrp', 'tt', 'ttg'];pditangguhkan_ trending hari ini sdh ttg capres surya paloh metro tv pdip nasdem giring dll msh ada baim paula tp bbrp tt ttg
84;2022-10-04 03:20:22;1.5771365171261972e+18;"RT @psisfcofficial: ""Kami Arema, Salam Satu Jiwa"" ğŸŒŸ

Cuplikan video kami dari Semarang malam lalu untuk mengirim doa dan semangat bagi duluâ€¦";Twitter for Android;0.0;1290.0;psisfcofficial kami arema salam satu jiwa cuplikan video kami dari semarang malam lalu untuk mengirim doa dan semangat bagi dulu;['psisfcofficial', 'kami', 'arema', 'salam', 'satu', 'jiwa', 'cuplikan', 'video', 'kami', 'dari', 'semarang', 'malam', 'lalu', 'untuk', 'mengirim', 'doa', 'dan', 'semangat', 'bagi', 'dulu'];['psisfcofficial', 'kami', 'arema', 'salam', 'satu', 'jiwa', 'cuplikan', 'video', 'kami', 'dari', 'semarang', 'malam', 'lalu', 'untuk', 'mengirim', 'doa', 'dan', 'semangat', 'bagi', 'dulu'];psisfcofficial kami arema salam satu jiwa cuplikan video kami dari semarang malam lalu untuk mengirim doa dan semangat bagi dulu
85;2022-10-04 03:20:18;1.5771365008564838e+18;RT @detikcom: Puluhan anak dilaporkan tewas dalam tragedi maut di Stadion Kanjuruhan. Korban tewas paling muda berusia tiga atau empat tahuâ€¦;Twitter for Android;0.0;177.0;detikcom puluhan anak dilaporkan tewas dalam tragedi maut di stadion kanjuruhan korban tewas paling muda berusia tiga atau empat tahu;['detikcom', 'puluhan', 'anak', 'dilaporkan', 'tewas', 'dalam', 'tragedi', 'maut', 'di', 'stadion', 'kanjuruhan', 'korban', 'tewas', 'paling', 'muda', 'berusia', 'tiga', 'atau', 'empat', 'tahu'];['detikcom', 'puluhan', 'anak', 'dilaporkan', 'tewas', 'dalam', 'tragedi', 'maut', 'di', 'stadion', 'kanjuruhan', 'korban', 'tewas', 'paling', 'muda', 'berusia', 'tiga', 'atau', 'empat', 'tahu'];detikcom puluhan anak dilaporkan tewas dalam tragedi maut di stadion kanjuruhan korban tewas paling muda berusia tiga atau empat tahu
86;2022-10-04 03:20:13;1.577136479683289e+18;"RT @ResNgawi: Mari bersama meluangkan waktu untuk saudara kita. ğŸ¤²
#PrayForKanjuruhan https://t.co/lXKJ670dAT";Twitter for Android;0.0;37.0;resngawi mari bersama meluangkan waktu untuk saudara kita co;['resngawi', 'mari', 'bersama', 'meluangkan', 'waktu', 'untuk', 'saudara', 'kita', 'co'];['resngawi', 'mari', 'bersama', 'meluangkan', 'waktu', 'untuk', 'saudara', 'kita', 'co'];resngawi mari bersama meluangkan waktu untuk saudara kita co
87;2022-10-04 03:20:08;1.577136460725072e+18;"RT @psisfcofficial: ""Kami Arema, Salam Satu Jiwa"" ğŸŒŸ

Cuplikan video kami dari Semarang malam lalu untuk mengirim doa dan semangat bagi duluâ€¦";Twitter for Android;0.0;1290.0;psisfcofficial kami arema salam satu jiwa cuplikan video kami dari semarang malam lalu untuk mengirim doa dan semangat bagi dulu;['psisfcofficial', 'kami', 'arema', 'salam', 'satu', 'jiwa', 'cuplikan', 'video', 'kami', 'dari', 'semarang', 'malam', 'lalu', 'untuk', 'mengirim', 'doa', 'dan', 'semangat', 'bagi', 'dulu'];['psisfcofficial', 'kami', 'arema', 'salam', 'satu', 'jiwa', 'cuplikan', 'video', 'kami', 'dari', 'semarang', 'malam', 'lalu', 'untuk', 'mengirim', 'doa', 'dan', 'semangat', 'bagi', 'dulu'];psisfcofficial kami arema salam satu jiwa cuplikan video kami dari semarang malam lalu untuk mengirim doa dan semangat bagi dulu
88;2022-10-04 03:20:05;1.57713644575556e+18;"RT @GOAL_ID: ğŸ˜¢ğŸ¥€

#KanjuruhanDisaster #PrayforKanjuruhan https://t.co/Iea4GFsiFi";Twitter for iPhone;0.0;2375.0;goal_id coieagfsifi;['goal_id', 'coieagfsifi'];['goal_id', 'coieagfsifi'];goal_id coieagfsifi
89;2022-10-04 03:20:04;1.5771364450638438e+18;"RT @GOAL_ID: ğŸ˜¢ğŸ¥€

#KanjuruhanDisaster #PrayforKanjuruhan https://t.co/Iea4GFsiFi";Twitter for Android;0.0;2375.0;goal_id coieagfsifi;['goal_id', 'coieagfsifi'];['goal_id', 'coieagfsifi'];goal_id coieagfsifi
90;2022-10-04 03:20:03;1.577136438562685e+18;"@republikaonline Inilah kebidapan polisi
#PrayForKanjuruhan";Twitter for Android;0.0;0.0;republikaonline inilah kebidapan polisi;['republikaonline', 'inilah', 'kebidapan', 'polisi'];['republikaonline', 'inilah', 'kebidapan', 'polisi'];republikaonline inilah kebidapan polisi
91;2022-10-04 03:19:59;1.5771364212901888e+18;"RT @BTS_AHC_IDN: Mari sejenak kita panjatkan doa untuk korban dan pihak yang terdampak.

#PrayForKanjuruhan #DukaUntukKanjuruhan 

Hai ARMYâ€¦";Twitter for iPhone;0.0;3434.0;bts_ahc_idn mari sejenak kita panjatkan doa untuk korban dan pihak yang terdampak hai army;['bts_ahc_idn', 'mari', 'sejenak', 'kita', 'panjatkan', 'doa', 'untuk', 'korban', 'dan', 'pihak', 'yang', 'terdampak', 'hai', 'army'];['bts_ahc_idn', 'mari', 'sejenak', 'kita', 'panjatkan', 'doa', 'untuk', 'korban', 'dan', 'pihak', 'yang', 'terdampak', 'hai', 'army'];bts_ahc_idn mari sejenak kita panjatkan doa untuk korban dan pihak yang terdampak hai army
92;2022-10-04 03:19:58;1.577136419822502e+18;"RT @ResNgawi: Mari bersama meluangkan waktu untuk saudara kita. ğŸ¤²
#PrayForKanjuruhan https://t.co/lXKJ670dAT";Twitter for Android;0.0;37.0;resngawi mari bersama meluangkan waktu untuk saudara kita co;['resngawi', 'mari', 'bersama', 'meluangkan', 'waktu', 'untuk', 'saudara', 'kita', 'co'];['resngawi', 'mari', 'bersama', 'meluangkan', 'waktu', 'untuk', 'saudara', 'kita', 'co'];resngawi mari bersama meluangkan waktu untuk saudara kita co
93;2022-10-04 03:19:54;1.5771364003815834e+18;"RT @Amar_0599: Sekolah hukum 4 tahun aja kadang belum tentu paham hukum, kok bisa pendidikan berapa bulan aja dah jadi penegak hukum. 
Akibâ€¦";Twitter for Android;0.0;826.0;amar_ sekolah hukum   tahun aja kadang belum tentu paham hukum kok bisa pendidikan berapa bulan aja dah jadi penegak hukum akib;['amar_', 'sekolah', 'hukum', 'tahun', 'aja', 'kadang', 'belum', 'tentu', 'paham', 'hukum', 'kok', 'bisa', 'pendidikan', 'berapa', 'bulan', 'aja', 'dah', 'jadi', 'penegak', 'hukum', 'akib'];['amar_', 'sekolah', 'hukum', 'tahun', 'aja', 'kadang', 'belum', 'tentu', 'paham', 'hukum', 'kok', 'bisa', 'pendidikan', 'berapa', 'bulan', 'aja', 'dah', 'jadi', 'penegak', 'hukum', 'akib'];amar_ sekolah hukum tahun aja kadang belum tentu paham hukum kok bisa pendidikan berapa bulan aja dah jadi penegak hukum akib
94;2022-10-04 03:19:52;1.5771363922659492e+18;"#programbunuhpribumiradikal
#UsutTuntas 230 tewas.
Gas Air Mata Cakrabirawa #G01OPKI Pembantaian Aremaniaâ€¦ https://t.co/m0sr2YdOWc";Twitter for Android;0.0;0.0;  tewas gas air mata cakrabirawa pembantaian aremania comsrydowc;['tewas', 'gas', 'air', 'mata', 'cakrabirawa', 'pembantaian', 'aremania', 'comsrydowc'];['tewas', 'gas', 'air', 'mata', 'cakrabirawa', 'pembantaian', 'aremania', 'comsrydowc'];tewas gas air mata cakrabirawa pembantaian aremania comsrydowc
95;2022-10-04 03:19:50;1.5771363826187182e+18;RT @christiyantosw: Coba perhatikan pukulan tongkat yg pertama membuat bocil ini jatuh tak bergerak. Pukulan kedua full power  seharusnya bâ€¦;Twitter for Android;0.0;219.0;christiyantosw coba perhatikan pukulan tongkat yg pertama membuat bocil ini jatuh tak bergerak pukulan kedua full power seharusnya;['christiyantosw', 'coba', 'perhatikan', 'pukulan', 'tongkat', 'yg', 'pertama', 'membuat', 'bocil', 'ini', 'jatuh', 'tak', 'bergerak', 'pukulan', 'kedua', 'full', 'power', 'seharusnya'];['christiyantosw', 'coba', 'perhatikan', 'pukulan', 'tongkat', 'yg', 'pertama', 'membuat', 'bocil', 'ini', 'jatuh', 'tak', 'bergerak', 'pukulan', 'kedua', 'full', 'power', 'seharusnya'];christiyantosw coba perhatikan pukulan tongkat yg pertama membuat bocil ini jatuh tak bergerak pukulan kedua full power seharusnya
96;2022-10-04 03:19:47;1.5771363725607772e+18;"RT @sulaimaneffendi: Dari Surabaya untuk Malang
Apa yang dirasakan Aremania juga dirasakan Bonek !

Semoga menjadi awal kebaikan buat semuaâ€¦";Twitter for Android;0.0;244.0;sulaimaneffendi dari surabaya untuk malang apa yang dirasakan aremania juga dirasakan bonek semoga menjadi awal kebaikan buat semua;['sulaimaneffendi', 'dari', 'surabaya', 'untuk', 'malang', 'apa', 'yang', 'dirasakan', 'aremania', 'juga', 'dirasakan', 'bonek', 'semoga', 'menjadi', 'awal', 'kebaikan', 'buat', 'semua'];['sulaimaneffendi', 'dari', 'surabaya', 'untuk', 'malang', 'apa', 'yang', 'dirasakan', 'aremania', 'juga', 'dirasakan', 'bonek', 'semoga', 'menjadi', 'awal', 'kebaikan', 'buat', 'semua'];sulaimaneffendi dari surabaya untuk malang apa yang dirasakan aremania juga dirasakan bonek semoga menjadi awal kebaikan buat semua
97;2022-10-04 03:19:46;1.5771363665716388e+18;RT @CoachJustinL: Ga ada gunanya cari kesalahan ini itu, lebih baik cr solusi agar tidak akan terulang lagi, never and never again. Don't lâ€¦;Twitter for Android;0.0;170.0;coachjustinl ga ada gunanya cari kesalahan ini itu lebih baik cr solusi agar tidak akan terulang lagi never and never again don;['coachjustinl', 'ga', 'ada', 'gunanya', 'cari', 'kesalahan', 'ini', 'itu', 'lebih', 'baik', 'cr', 'solusi', 'agar', 'tidak', 'akan', 'terulang', 'lagi', 'never', 'and', 'never', 'again', 'don'];['coachjustinl', 'ga', 'ada', 'gunanya', 'cari', 'kesalahan', 'ini', 'itu', 'lebih', 'baik', 'cr', 'solusi', 'agar', 'tidak', 'akan', 'terulang', 'lagi', 'never', 'and', 'never', 'again', 'don'];coachjustinl ga ada gunanya cari kesalahan ini itu lebih baik cr solusi agar tidak akan terulang lagi never and never again don
98;2022-10-04 03:19:45;1.5771363620288676e+18;"RT @MprAldo: KETUM PSSI IWAN BULE : ""HADIRIN YANG BERBAHAGIA""
IWAN BULE KETUM PSSI, BJORKA BILANG DEKAT BOSS JUDI SAMPAI KASUS IMAM BESAR !â€¦";Twitter for Android;0.0;34.0;mpraldo ketum pssi iwan bule hadirin yang berbahagia iwan bule ketum pssi bjorka bilang dekat boss judi sampai kasus imam besar;['mpraldo', 'ketum', 'pssi', 'iwan', 'bule', 'hadirin', 'yang', 'berbahagia', 'iwan', 'bule', 'ketum', 'pssi', 'bjorka', 'bilang', 'dekat', 'boss', 'judi', 'sampai', 'kasus', 'imam', 'besar'];['mpraldo', 'ketum', 'pssi', 'iwan', 'bule', 'hadirin', 'yang', 'berbahagia', 'iwan', 'bule', 'ketum', 'pssi', 'bjorka', 'bilang', 'dekat', 'boss', 'judi', 'sampai', 'kasus', 'imam', 'besar'];mpraldo ketum pssi iwan bule hadirin yang berbahagia iwan bule ketum pssi bjorka bilang dekat boss judi sampai kasus imam besar
99;2022-10-04 03:19:44;1.577136361278034e+18;RT @thelatnersinep: Alangkah baiknya perdamaian dilanjutkan lewat jalur offline...agar pengawalan kasus tragedi kanjuruhan tidak tertimpa eâ€¦;Twitter for Android;0.0;9.0;thelatnersinep alangkah baiknya perdamaian dilanjutkan lewat jalur offline agar pengawalan kasus tragedi kanjuruhan tidak tertimpa;['thelatnersinep', 'alangkah', 'baiknya', 'perdamaian', 'dilanjutkan', 'lewat', 'jalur', 'offline', 'agar', 'pengawalan', 'kasus', 'tragedi', 'kanjuruhan', 'tidak', 'tertimpa'];['thelatnersinep', 'alangkah', 'baiknya', 'perdamaian', 'dilanjutkan', 'lewat', 'jalur', 'offline', 'agar', 'pengawalan', 'kasus', 'tragedi', 'kanjuruhan', 'tidak', 'tertimpa'];thelatnersinep alangkah baiknya perdamaian dilanjutkan lewat jalur offline agar pengawalan kasus tragedi kanjuruhan tidak tertimpa
